{
  "total_chunks": 462,
  "avg_chunk_size_words": 212.74891774891776,
  "std_chunk_size_words": 78.3270266567635,
  "min_chunk_size_words": 21,
  "max_chunk_size_words": 503,
  "avg_chunk_size_sentences": 11.095238095238095,
  "std_chunk_size_sentences": 5.380301075397675,
  "avg_chunk_size_chars": 1496.1645021645022,
  "avg_jaccard_overlap": 0.23391495153670291,
  "max_jaccard_overlap": 0.6695652173913044,
  "total_duplicate_sentences": 998,
  "sentence_coverage": 0.8053062817011315,
  "avg_internal_coherence": 0.1314681186222391,
  "avg_external_coherence": 0.16538527909457487,
  "coherence_score": 0.04877547907495165,
  "avg_inter_chunk_similarity": 0.5437303689901491,
  "avg_intra_chunk_similarity": 0.30476034374612315,
  "min_inter_chunk_similarity": 0.09643491357564926,
  "max_inter_chunk_similarity": 1.0,
  "min_intra_chunk_similarity": 0.023466184735298157,
  "max_intra_chunk_similarity": 1.0,
  "document_name": "glacier-dg.txt",
  "chunking_method": "NaiveChunker"
}