{
  "total_chunks": 1967,
  "avg_chunk_size_words": 171.87086934417894,
  "std_chunk_size_words": 60.132767869429976,
  "min_chunk_size_words": 22,
  "max_chunk_size_words": 447,
  "avg_chunk_size_sentences": 9.670564311133706,
  "std_chunk_size_sentences": 4.190465712113621,
  "avg_chunk_size_chars": 1240.633960345704,
  "avg_jaccard_overlap": 0.2531550064954933,
  "max_jaccard_overlap": 0.8888888888888888,
  "total_duplicate_sentences": 5332,
  "sentence_coverage": 0.719692987067606,
  "avg_internal_coherence": 0.11280392742590986,
  "avg_external_coherence": 0.10835461460701487,
  "coherence_score": 0.058626620122402426,
  "avg_inter_chunk_similarity": 0.4893717035563209,
  "avg_intra_chunk_similarity": 0.2844073121208229,
  "min_inter_chunk_similarity": 0.017430933192372322,
  "max_inter_chunk_similarity": 1.0000001192092896,
  "min_intra_chunk_similarity": 0.05761759728193283,
  "max_intra_chunk_similarity": 1.0,
  "document_name": "s3-api.txt",
  "chunking_method": "NaiveChunker"
}