{
  "retriever_name": "Content_(semantic)",
  "query_metrics": {
    "q1": {
      "mrr": 0.125,
      "precision@1": 0.0,
      "recall@1": 0.04,
      "ndcg@1": 0.1698170304298401,
      "hit_rate@1": 0.0,
      "precision@3": 0.0,
      "recall@3": 0.12,
      "ndcg@3": 0.255133781841272,
      "hit_rate@3": 0.0,
      "precision@5": 0.4,
      "recall@5": 0.2,
      "ndcg@5": 0.4620586502833501,
      "hit_rate@5": 0.5,
      "precision@10": 0.5,
      "recall@10": 0.4,
      "ndcg@10": 0.5624985786933605,
      "hit_rate@10": 1.0,
      "precision@20": 0.8,
      "recall@20": 0.8,
      "ndcg@20": 0.6799981227575217,
      "hit_rate@20": 1.0,
      "metadata_consistency": 0.5443609862321259
    },
    "q2": {
      "mrr": 1.0,
      "precision@1": 1.0,
      "recall@1": 0.04,
      "ndcg@1": 1.0,
      "hit_rate@1": 0.5,
      "precision@3": 1.0,
      "recall@3": 0.12,
      "ndcg@3": 1.0,
      "hit_rate@3": 1.0,
      "precision@5": 1.0,
      "recall@5": 0.2,
      "ndcg@5": 1.0,
      "hit_rate@5": 1.0,
      "precision@10": 1.0,
      "recall@10": 0.4,
      "ndcg@10": 1.0,
      "hit_rate@10": 1.0,
      "precision@20": 1.0,
      "recall@20": 0.8,
      "ndcg@20": 1.0,
      "hit_rate@20": 1.0,
      "metadata_consistency": 0.36292999255843517
    },
    "q3": {
      "mrr": 0.1,
      "precision@1": 0.0,
      "recall@1": 0.04,
      "ndcg@1": 0.17446573078632355,
      "hit_rate@1": 0.0,
      "precision@3": 0.3333333333333333,
      "recall@3": 0.12,
      "ndcg@3": 0.13591740289328172,
      "hit_rate@3": 0.0,
      "precision@5": 0.2,
      "recall@5": 0.2,
      "ndcg@5": 0.13269238724594568,
      "hit_rate@5": 0.0,
      "precision@10": 0.4,
      "recall@10": 0.4,
      "ndcg@10": 0.3610716545475275,
      "hit_rate@10": 0.5,
      "precision@20": 0.75,
      "recall@20": 0.8,
      "ndcg@20": 0.43064573738607814,
      "hit_rate@20": 1.0,
      "metadata_consistency": 0.6793791259213187
    },
    "q4": {
      "mrr": 1.0,
      "precision@1": 1.0,
      "recall@1": 0.04,
      "ndcg@1": 1.0,
      "hit_rate@1": 0.5,
      "precision@3": 1.0,
      "recall@3": 0.12,
      "ndcg@3": 1.0,
      "hit_rate@3": 1.0,
      "precision@5": 1.0,
      "recall@5": 0.2,
      "ndcg@5": 1.0,
      "hit_rate@5": 1.0,
      "precision@10": 1.0,
      "recall@10": 0.4,
      "ndcg@10": 1.0,
      "hit_rate@10": 1.0,
      "precision@20": 1.0,
      "recall@20": 0.8,
      "ndcg@20": 1.0,
      "hit_rate@20": 1.0,
      "metadata_consistency": 0.1530257052148679
    },
    "q5": {
      "mrr": 0.07142857142857142,
      "precision@1": 0.0,
      "recall@1": 0.04,
      "ndcg@1": 0.009534120559692383,
      "hit_rate@1": 0.0,
      "precision@3": 0.0,
      "recall@3": 0.12,
      "ndcg@3": 0.011870852297764094,
      "hit_rate@3": 0.0,
      "precision@5": 0.0,
      "recall@5": 0.2,
      "ndcg@5": 0.014787495644499549,
      "hit_rate@5": 0.0,
      "precision@10": 0.3,
      "recall@10": 0.4,
      "ndcg@10": 0.028451709255798974,
      "hit_rate@10": 0.0,
      "precision@20": 0.8,
      "recall@20": 0.8,
      "ndcg@20": 0.2837149130700656,
      "hit_rate@20": 1.0,
      "metadata_consistency": 0.5058222237606791
    }
  },
  "aggregated_metrics": {
    "mrr": 0.45928571428571435,
    "precision@1": 0.4,
    "recall@1": 0.04,
    "ndcg@1": 0.4707633763551712,
    "hit_rate@1": 0.2,
    "precision@3": 0.4666666666666666,
    "recall@3": 0.12,
    "ndcg@3": 0.4805844074064636,
    "hit_rate@3": 0.4,
    "precision@5": 0.5199999999999999,
    "recall@5": 0.2,
    "ndcg@5": 0.521907706634759,
    "hit_rate@5": 0.5,
    "precision@10": 0.6399999999999999,
    "recall@10": 0.4,
    "ndcg@10": 0.5904043884993373,
    "hit_rate@10": 0.7,
    "precision@20": 0.8699999999999999,
    "recall@20": 0.8,
    "ndcg@20": 0.6788717546427331,
    "hit_rate@20": 1.0,
    "metadata_consistency": 0.44910360673748534
  }
}