{
  "retriever_name": "Content_(naive)",
  "query_metrics": {
    "q1": {
      "mrr": 0.0625,
      "precision@1": 0.0,
      "recall@1": 0.04,
      "ndcg@1": 0.2646365761756897,
      "hit_rate@1": 0.0,
      "precision@3": 0.3333333333333333,
      "recall@3": 0.12,
      "ndcg@3": 0.44284753180596137,
      "hit_rate@3": 0.0,
      "precision@5": 0.2,
      "recall@5": 0.2,
      "ndcg@5": 0.4796561689236405,
      "hit_rate@5": 0.0,
      "precision@10": 0.6,
      "recall@10": 0.4,
      "ndcg@10": 0.6397853463240258,
      "hit_rate@10": 0.5,
      "precision@20": 0.8,
      "recall@20": 0.8,
      "ndcg@20": 0.6945963958465369,
      "hit_rate@20": 1.0,
      "metadata_consistency": 0.6274621543789078
    },
    "q2": {
      "mrr": 0.05,
      "precision@1": 0.0,
      "recall@1": 0.04,
      "ndcg@1": 0.11651122570037842,
      "hit_rate@1": 0.0,
      "precision@3": 0.0,
      "recall@3": 0.12,
      "ndcg@3": 0.07252748303481009,
      "hit_rate@3": 0.0,
      "precision@5": 0.2,
      "recall@5": 0.2,
      "ndcg@5": 0.27766038255729364,
      "hit_rate@5": 0.5,
      "precision@10": 0.4,
      "recall@10": 0.4,
      "ndcg@10": 0.3896481567565245,
      "hit_rate@10": 0.5,
      "precision@20": 0.75,
      "recall@20": 0.8,
      "ndcg@20": 0.5344022639922374,
      "hit_rate@20": 1.0,
      "metadata_consistency": 0.6906893755128588
    },
    "q3": {
      "mrr": 0.05,
      "precision@1": 0.0,
      "recall@1": 0.04,
      "ndcg@1": 0.0013304365566000342,
      "hit_rate@1": 0.0,
      "precision@3": 0.0,
      "recall@3": 0.12,
      "ndcg@3": 0.0013022603422354053,
      "hit_rate@3": 0.0,
      "precision@5": 0.2,
      "recall@5": 0.2,
      "ndcg@5": 0.008377119392875975,
      "hit_rate@5": 0.0,
      "precision@10": 0.3,
      "recall@10": 0.4,
      "ndcg@10": 0.01731137570082319,
      "hit_rate@10": 0.5,
      "precision@20": 0.85,
      "recall@20": 0.8,
      "ndcg@20": 0.24613886761663836,
      "hit_rate@20": 1.0,
      "metadata_consistency": 0.7887286654011272
    },
    "q4": {
      "mrr": 0.058823529411764705,
      "precision@1": 0.0,
      "recall@1": 0.04,
      "ndcg@1": 0.051118575036525726,
      "hit_rate@1": 0.0,
      "precision@3": 0.0,
      "recall@3": 0.12,
      "ndcg@3": 0.14074546947988506,
      "hit_rate@3": 0.0,
      "precision@5": 0.2,
      "recall@5": 0.2,
      "ndcg@5": 0.15617975128232509,
      "hit_rate@5": 0.0,
      "precision@10": 0.4,
      "recall@10": 0.4,
      "ndcg@10": 0.18908977862809748,
      "hit_rate@10": 0.0,
      "precision@20": 0.75,
      "recall@20": 0.8,
      "ndcg@20": 0.40168793901446664,
      "hit_rate@20": 0.5,
      "metadata_consistency": 0.24268070684668974
    },
    "q5": {
      "mrr": 0.1,
      "precision@1": 0.0,
      "recall@1": 0.04,
      "ndcg@1": 0.07425001263618469,
      "hit_rate@1": 0.0,
      "precision@3": 0.0,
      "recall@3": 0.12,
      "ndcg@3": 0.07485930615687424,
      "hit_rate@3": 0.0,
      "precision@5": 0.0,
      "recall@5": 0.2,
      "ndcg@5": 0.08653963724346046,
      "hit_rate@5": 0.0,
      "precision@10": 0.4,
      "recall@10": 0.4,
      "ndcg@10": 0.34574220153926033,
      "hit_rate@10": 0.5,
      "precision@20": 0.8,
      "recall@20": 0.8,
      "ndcg@20": 0.4010138734343561,
      "hit_rate@20": 0.5,
      "metadata_consistency": 0.7578826013431978
    }
  },
  "aggregated_metrics": {
    "mrr": 0.06426470588235293,
    "precision@1": 0.0,
    "recall@1": 0.04,
    "ndcg@1": 0.10156936522107571,
    "hit_rate@1": 0.0,
    "precision@3": 0.06666666666666667,
    "recall@3": 0.12,
    "ndcg@3": 0.14645641016395322,
    "hit_rate@3": 0.0,
    "precision@5": 0.16,
    "recall@5": 0.2,
    "ndcg@5": 0.20168261187991915,
    "hit_rate@5": 0.1,
    "precision@10": 0.42000000000000004,
    "recall@10": 0.4,
    "ndcg@10": 0.3163153717897463,
    "hit_rate@10": 0.4,
    "precision@20": 0.79,
    "recall@20": 0.8,
    "ndcg@20": 0.45556786798084714,
    "hit_rate@20": 0.8,
    "metadata_consistency": 0.6214887006965564
  }
}