{
  "retriever_name": "Content_(recursive)",
  "query_metrics": {
    "q1": {
      "mrr": 0.08333333333333333,
      "precision@1": 0.0,
      "recall@1": 0.04,
      "ndcg@1": 0.1269899159669876,
      "hit_rate@1": 0.0,
      "precision@3": 0.0,
      "recall@3": 0.12,
      "ndcg@3": 0.1431796741440279,
      "hit_rate@3": 0.0,
      "precision@5": 0.2,
      "recall@5": 0.2,
      "ndcg@5": 0.3459764974722679,
      "hit_rate@5": 0.0,
      "precision@10": 0.5,
      "recall@10": 0.4,
      "ndcg@10": 0.4533745703841452,
      "hit_rate@10": 0.5,
      "precision@20": 0.85,
      "recall@20": 0.8,
      "ndcg@20": 0.5974938865417477,
      "hit_rate@20": 1.0,
      "metadata_consistency": 0.5712331496669703
    },
    "q2": {
      "mrr": 0.04,
      "precision@1": 0.0,
      "recall@1": 0.04,
      "ndcg@1": 0.012303384952247143,
      "hit_rate@1": 0.0,
      "precision@3": 0.0,
      "recall@3": 0.12,
      "ndcg@3": 0.13572405669477508,
      "hit_rate@3": 0.0,
      "precision@5": 0.2,
      "recall@5": 0.2,
      "ndcg@5": 0.1578308322184947,
      "hit_rate@5": 0.0,
      "precision@10": 0.4,
      "recall@10": 0.4,
      "ndcg@10": 0.20376913946498212,
      "hit_rate@10": 0.0,
      "precision@20": 0.85,
      "recall@20": 0.8,
      "ndcg@20": 0.3677946751684996,
      "hit_rate@20": 0.5,
      "metadata_consistency": 0.618078173635955
    },
    "q3": {
      "mrr": 0.06666666666666667,
      "precision@1": 0.0,
      "recall@1": 0.04,
      "ndcg@1": 0.001365916570648551,
      "hit_rate@1": 0.0,
      "precision@3": 0.0,
      "recall@3": 0.12,
      "ndcg@3": 0.0013366417621932009,
      "hit_rate@3": 0.0,
      "precision@5": 0.0,
      "recall@5": 0.2,
      "ndcg@5": 0.0034472222744689105,
      "hit_rate@5": 0.0,
      "precision@10": 0.4,
      "recall@10": 0.4,
      "ndcg@10": 0.014551574972367417,
      "hit_rate@10": 0.5,
      "precision@20": 0.85,
      "recall@20": 0.8,
      "ndcg@20": 0.2642706310454196,
      "hit_rate@20": 1.0,
      "metadata_consistency": 0.6793791259213187
    },
    "q4": {
      "mrr": 0.07142857142857142,
      "precision@1": 0.0,
      "recall@1": 0.04,
      "ndcg@1": 0.052059147506952286,
      "hit_rate@1": 0.0,
      "precision@3": 0.3333333333333333,
      "recall@3": 0.12,
      "ndcg@3": 0.13660369582724727,
      "hit_rate@3": 0.0,
      "precision@5": 0.2,
      "recall@5": 0.2,
      "ndcg@5": 0.17196049215961917,
      "hit_rate@5": 0.0,
      "precision@10": 0.5,
      "recall@10": 0.4,
      "ndcg@10": 0.2186020891346164,
      "hit_rate@10": 0.0,
      "precision@20": 0.85,
      "recall@20": 0.8,
      "ndcg@20": 0.441921270679792,
      "hit_rate@20": 1.0,
      "metadata_consistency": 0.1512562320494879
    },
    "q5": {
      "mrr": 0.14285714285714285,
      "precision@1": 0.0,
      "recall@1": 0.04,
      "ndcg@1": 0.06879395991563797,
      "hit_rate@1": 0.0,
      "precision@3": 0.0,
      "recall@3": 0.12,
      "ndcg@3": 0.06701377141145563,
      "hit_rate@3": 0.0,
      "precision@5": 0.2,
      "recall@5": 0.2,
      "ndcg@5": 0.12117210901937914,
      "hit_rate@5": 0.0,
      "precision@10": 0.4,
      "recall@10": 0.4,
      "ndcg@10": 0.3504205861727847,
      "hit_rate@10": 0.5,
      "precision@20": 0.75,
      "recall@20": 0.8,
      "ndcg@20": 0.48413144657167695,
      "hit_rate@20": 1.0,
      "metadata_consistency": 0.618078173635955
    }
  },
  "aggregated_metrics": {
    "mrr": 0.08085714285714286,
    "precision@1": 0.0,
    "recall@1": 0.04,
    "ndcg@1": 0.05230246498249471,
    "hit_rate@1": 0.0,
    "precision@3": 0.06666666666666667,
    "recall@3": 0.12,
    "ndcg@3": 0.09677156796793983,
    "hit_rate@3": 0.0,
    "precision@5": 0.16,
    "recall@5": 0.2,
    "ndcg@5": 0.16007743062884597,
    "hit_rate@5": 0.0,
    "precision@10": 0.44000000000000006,
    "recall@10": 0.4,
    "ndcg@10": 0.24814359202577915,
    "hit_rate@10": 0.3,
    "precision@20": 0.8300000000000001,
    "recall@20": 0.8,
    "ndcg@20": 0.43112238200142716,
    "hit_rate@20": 0.9,
    "metadata_consistency": 0.5276049709819374
  }
}