{
  "retriever_name": "Prefix-Fusion_(semantic)",
  "query_metrics": {
    "q1": {
      "mrr": 1.0,
      "precision@1": 1.0,
      "recall@1": 0.05,
      "ndcg@1": 1.0,
      "hit_rate@1": 1.0,
      "precision@3": 1.0,
      "recall@3": 0.15,
      "ndcg@3": 1.0,
      "hit_rate@3": 1.0,
      "precision@5": 1.0,
      "recall@5": 0.25,
      "ndcg@5": 1.0,
      "hit_rate@5": 1.0,
      "precision@10": 1.0,
      "recall@10": 0.5,
      "ndcg@10": 1.0,
      "hit_rate@10": 1.0,
      "precision@20": 1.0,
      "recall@20": 1.0,
      "ndcg@20": 1.0,
      "hit_rate@20": 1.0,
      "metadata_consistency": 0.7136030428840439
    },
    "q2": {
      "mrr": 0.0625,
      "precision@1": 0.0,
      "recall@1": 0.05,
      "ndcg@1": 0.0003616436442825943,
      "hit_rate@1": 0.0,
      "precision@3": 0.3333333333333333,
      "recall@3": 0.15,
      "ndcg@3": 0.2605148028900337,
      "hit_rate@3": 0.0,
      "precision@5": 0.2,
      "recall@5": 0.25,
      "ndcg@5": 0.25878372804514727,
      "hit_rate@5": 0.0,
      "precision@10": 0.4,
      "recall@10": 0.5,
      "ndcg@10": 0.26360008531669704,
      "hit_rate@10": 0.0,
      "precision@20": 1.0,
      "recall@20": 1.0,
      "ndcg@20": 0.447406636765907,
      "hit_rate@20": 1.0,
      "metadata_consistency": 0.2602530984543837
    },
    "q3": {
      "mrr": 1.0,
      "precision@1": 1.0,
      "recall@1": 0.05,
      "ndcg@1": 1.0,
      "hit_rate@1": 1.0,
      "precision@3": 1.0,
      "recall@3": 0.15,
      "ndcg@3": 1.0,
      "hit_rate@3": 1.0,
      "precision@5": 1.0,
      "recall@5": 0.25,
      "ndcg@5": 1.0,
      "hit_rate@5": 1.0,
      "precision@10": 1.0,
      "recall@10": 0.5,
      "ndcg@10": 1.0,
      "hit_rate@10": 1.0,
      "precision@20": 1.0,
      "recall@20": 1.0,
      "ndcg@20": 1.0,
      "hit_rate@20": 1.0,
      "metadata_consistency": 0.5762076600877131
    },
    "q4": {
      "mrr": 1.0,
      "precision@1": 1.0,
      "recall@1": 0.05,
      "ndcg@1": 1.0,
      "hit_rate@1": 1.0,
      "precision@3": 1.0,
      "recall@3": 0.15,
      "ndcg@3": 1.0,
      "hit_rate@3": 1.0,
      "precision@5": 1.0,
      "recall@5": 0.25,
      "ndcg@5": 1.0,
      "hit_rate@5": 1.0,
      "precision@10": 1.0,
      "recall@10": 0.5,
      "ndcg@10": 1.0,
      "hit_rate@10": 1.0,
      "precision@20": 1.0,
      "recall@20": 1.0,
      "ndcg@20": 1.0,
      "hit_rate@20": 1.0,
      "metadata_consistency": 0.09047505731290417
    },
    "q5": {
      "mrr": 1.0,
      "precision@1": 1.0,
      "recall@1": 0.05,
      "ndcg@1": 1.0,
      "hit_rate@1": 1.0,
      "precision@3": 1.0,
      "recall@3": 0.15,
      "ndcg@3": 1.0,
      "hit_rate@3": 1.0,
      "precision@5": 1.0,
      "recall@5": 0.25,
      "ndcg@5": 1.0,
      "hit_rate@5": 1.0,
      "precision@10": 1.0,
      "recall@10": 0.5,
      "ndcg@10": 1.0,
      "hit_rate@10": 1.0,
      "precision@20": 1.0,
      "recall@20": 1.0,
      "ndcg@20": 1.0,
      "hit_rate@20": 1.0,
      "metadata_consistency": 0.3977554223658072
    }
  },
  "aggregated_metrics": {
    "mrr": 0.8125,
    "precision@1": 0.8,
    "recall@1": 0.05,
    "ndcg@1": 0.8000723287288565,
    "hit_rate@1": 0.8,
    "precision@3": 0.8666666666666666,
    "recall@3": 0.15,
    "ndcg@3": 0.8521029605780068,
    "hit_rate@3": 0.8,
    "precision@5": 0.8400000000000001,
    "recall@5": 0.25,
    "ndcg@5": 0.8517567456090294,
    "hit_rate@5": 0.8,
    "precision@10": 0.8800000000000001,
    "recall@10": 0.5,
    "ndcg@10": 0.8527200170633394,
    "hit_rate@10": 0.8,
    "precision@20": 1.0,
    "recall@20": 1.0,
    "ndcg@20": 0.8894813273531813,
    "hit_rate@20": 1.0,
    "metadata_consistency": 0.4076588562209705
  }
}