{
  "retriever_name": "Prefix-Fusion_(naive)",
  "query_metrics": {
    "q1": {
      "mrr": 0.125,
      "precision@1": 0.0,
      "recall@1": 0.05,
      "ndcg@1": 0.2703133821487427,
      "hit_rate@1": 0.0,
      "precision@3": 0.3333333333333333,
      "recall@3": 0.15,
      "ndcg@3": 0.4762346670172418,
      "hit_rate@3": 0.0,
      "precision@5": 0.2,
      "recall@5": 0.25,
      "ndcg@5": 0.4152176545218688,
      "hit_rate@5": 0.0,
      "precision@10": 0.5,
      "recall@10": 0.5,
      "ndcg@10": 0.4926173757044557,
      "hit_rate@10": 1.0,
      "precision@20": 1.0,
      "recall@20": 1.0,
      "ndcg@20": 0.7105925135735036,
      "hit_rate@20": 1.0,
      "metadata_consistency": 0.7136030428840439
    },
    "q2": {
      "mrr": 0.05555555555555555,
      "precision@1": 0.0,
      "recall@1": 0.05,
      "ndcg@1": 0.0027769601438194513,
      "hit_rate@1": 0.0,
      "precision@3": 0.0,
      "recall@3": 0.15,
      "ndcg@3": 0.020327989853465452,
      "hit_rate@3": 0.0,
      "precision@5": 0.2,
      "recall@5": 0.25,
      "ndcg@5": 0.05213382707843003,
      "hit_rate@5": 0.0,
      "precision@10": 0.3,
      "recall@10": 0.5,
      "ndcg@10": 0.06708755006542126,
      "hit_rate@10": 0.0,
      "precision@20": 1.0,
      "recall@20": 1.0,
      "ndcg@20": 0.3557490016626854,
      "hit_rate@20": 1.0,
      "metadata_consistency": 0.6410037503534697
    },
    "q3": {
      "mrr": 0.0625,
      "precision@1": 0.0,
      "recall@1": 0.05,
      "ndcg@1": 5.854736809851602e-05,
      "hit_rate@1": 0.0,
      "precision@3": 0.0,
      "recall@3": 0.15,
      "ndcg@3": 0.09565433360484028,
      "hit_rate@3": 0.0,
      "precision@5": 0.4,
      "recall@5": 0.25,
      "ndcg@5": 0.2109308478454911,
      "hit_rate@5": 0.0,
      "precision@10": 0.7,
      "recall@10": 0.5,
      "ndcg@10": 0.43314109455727184,
      "hit_rate@10": 0.0,
      "precision@20": 1.0,
      "recall@20": 1.0,
      "ndcg@20": 0.5497570841873373,
      "hit_rate@20": 1.0,
      "metadata_consistency": 0.6410037503534697
    },
    "q4": {
      "mrr": 0.06666666666666667,
      "precision@1": 0.0,
      "recall@1": 0.05,
      "ndcg@1": 0.015729866921901703,
      "hit_rate@1": 0.0,
      "precision@3": 0.0,
      "recall@3": 0.15,
      "ndcg@3": 0.03694423892244987,
      "hit_rate@3": 0.0,
      "precision@5": 0.0,
      "recall@5": 0.25,
      "ndcg@5": 0.05129909154474072,
      "hit_rate@5": 0.0,
      "precision@10": 0.4,
      "recall@10": 0.5,
      "ndcg@10": 0.18237528713919843,
      "hit_rate@10": 0.0,
      "precision@20": 1.0,
      "recall@20": 1.0,
      "ndcg@20": 0.41816757609934657,
      "hit_rate@20": 1.0,
      "metadata_consistency": 0.3977554223658072
    },
    "q5": {
      "mrr": 0.1111111111111111,
      "precision@1": 0.0,
      "recall@1": 0.05,
      "ndcg@1": 0.07425069063901901,
      "hit_rate@1": 0.0,
      "precision@3": 0.0,
      "recall@3": 0.15,
      "ndcg@3": 0.07979974784922167,
      "hit_rate@3": 0.0,
      "precision@5": 0.2,
      "recall@5": 0.25,
      "ndcg@5": 0.15714737498688633,
      "hit_rate@5": 0.0,
      "precision@10": 0.6,
      "recall@10": 0.5,
      "ndcg@10": 0.4186380349364009,
      "hit_rate@10": 1.0,
      "precision@20": 1.0,
      "recall@20": 1.0,
      "ndcg@20": 0.49917593490208295,
      "hit_rate@20": 1.0,
      "metadata_consistency": 0.7136030428840439
    }
  },
  "aggregated_metrics": {
    "mrr": 0.08416666666666667,
    "precision@1": 0.0,
    "recall@1": 0.05,
    "ndcg@1": 0.07262588944431628,
    "hit_rate@1": 0.0,
    "precision@3": 0.06666666666666667,
    "recall@3": 0.15,
    "ndcg@3": 0.14179219544944383,
    "hit_rate@3": 0.0,
    "precision@5": 0.2,
    "recall@5": 0.25,
    "ndcg@5": 0.1773457591954834,
    "hit_rate@5": 0.0,
    "precision@10": 0.5,
    "recall@10": 0.5,
    "ndcg@10": 0.3187718684805496,
    "hit_rate@10": 0.4,
    "precision@20": 1.0,
    "recall@20": 1.0,
    "ndcg@20": 0.5066884220849912,
    "hit_rate@20": 1.0,
    "metadata_consistency": 0.6213938017681668
  }
}