{
  "retriever_name": "TF-IDF_(recursive)",
  "query_metrics": {
    "q1": {
      "mrr": 0.09090909090909091,
      "precision@1": 0.0,
      "recall@1": 0.05,
      "ndcg@1": 0.12766298651695251,
      "hit_rate@1": 0.0,
      "precision@3": 0.6666666666666666,
      "recall@3": 0.15,
      "ndcg@3": 0.5643796452513385,
      "hit_rate@3": 0.0,
      "precision@5": 0.4,
      "recall@5": 0.25,
      "ndcg@5": 0.5116718638339846,
      "hit_rate@5": 0.0,
      "precision@10": 0.6,
      "recall@10": 0.5,
      "ndcg@10": 0.5775707556976579,
      "hit_rate@10": 0.0,
      "precision@20": 1.0,
      "recall@20": 1.0,
      "ndcg@20": 0.7295436355638031,
      "hit_rate@20": 1.0,
      "metadata_consistency": 0.6410037503534697
    },
    "q2": {
      "mrr": 0.05263157894736842,
      "precision@1": 0.0,
      "recall@1": 0.05,
      "ndcg@1": 0.4017253518104553,
      "hit_rate@1": 0.0,
      "precision@3": 0.3333333333333333,
      "recall@3": 0.15,
      "ndcg@3": 0.30413134898905847,
      "hit_rate@3": 0.0,
      "precision@5": 0.2,
      "recall@5": 0.25,
      "ndcg@5": 0.33122663199731295,
      "hit_rate@5": 0.0,
      "precision@10": 0.5,
      "recall@10": 0.5,
      "ndcg@10": 0.38266331078089316,
      "hit_rate@10": 0.0,
      "precision@20": 1.0,
      "recall@20": 1.0,
      "ndcg@20": 0.5942785303518319,
      "hit_rate@20": 1.0,
      "metadata_consistency": 0.5762076600877131
    },
    "q3": {
      "mrr": 0.25,
      "precision@1": 0.0,
      "recall@1": 0.05,
      "ndcg@1": 0.1080661341547966,
      "hit_rate@1": 0.0,
      "precision@3": 0.0,
      "recall@3": 0.15,
      "ndcg@3": 0.11305419458096524,
      "hit_rate@3": 0.0,
      "precision@5": 0.2,
      "recall@5": 0.25,
      "ndcg@5": 0.37643717173068547,
      "hit_rate@5": 1.0,
      "precision@10": 0.6,
      "recall@10": 0.5,
      "ndcg@10": 0.4949056038434533,
      "hit_rate@10": 1.0,
      "precision@20": 1.0,
      "recall@20": 1.0,
      "ndcg@20": 0.5947343813282738,
      "hit_rate@20": 1.0,
      "metadata_consistency": 0.7136030428840439
    },
    "q4": {
      "mrr": 0.0625,
      "precision@1": 0.0,
      "recall@1": 0.05,
      "ndcg@1": 0.05205908045172691,
      "hit_rate@1": 0.0,
      "precision@3": 0.0,
      "recall@3": 0.15,
      "ndcg@3": 0.11680516874919271,
      "hit_rate@3": 0.0,
      "precision@5": 0.4,
      "recall@5": 0.25,
      "ndcg@5": 0.15913225678969767,
      "hit_rate@5": 0.0,
      "precision@10": 0.6,
      "recall@10": 0.5,
      "ndcg@10": 0.17978560018415307,
      "hit_rate@10": 0.0,
      "precision@20": 1.0,
      "recall@20": 1.0,
      "ndcg@20": 0.4198281573214091,
      "hit_rate@20": 1.0,
      "metadata_consistency": 0.0770548809687186
    },
    "q5": {
      "mrr": 0.1111111111111111,
      "precision@1": 0.0,
      "recall@1": 0.05,
      "ndcg@1": 0.051237549632787704,
      "hit_rate@1": 0.0,
      "precision@3": 0.0,
      "recall@3": 0.15,
      "ndcg@3": 0.043844131946449906,
      "hit_rate@3": 0.0,
      "precision@5": 0.2,
      "recall@5": 0.25,
      "ndcg@5": 0.09645467570184442,
      "hit_rate@5": 0.0,
      "precision@10": 0.5,
      "recall@10": 0.5,
      "ndcg@10": 0.37015296175938794,
      "hit_rate@10": 1.0,
      "precision@20": 1.0,
      "recall@20": 1.0,
      "ndcg@20": 0.5168296055734484,
      "hit_rate@20": 1.0,
      "metadata_consistency": 0.5762076600877131
    }
  },
  "aggregated_metrics": {
    "mrr": 0.11343035619351408,
    "precision@1": 0.0,
    "recall@1": 0.05,
    "ndcg@1": 0.1481502205133438,
    "hit_rate@1": 0.0,
    "precision@3": 0.2,
    "recall@3": 0.15,
    "ndcg@3": 0.228442897903401,
    "hit_rate@3": 0.0,
    "precision@5": 0.28,
    "recall@5": 0.25,
    "ndcg@5": 0.294984520010705,
    "hit_rate@5": 0.2,
    "precision@10": 0.56,
    "recall@10": 0.5,
    "ndcg@10": 0.4010156464531091,
    "hit_rate@10": 0.4,
    "precision@20": 1.0,
    "recall@20": 1.0,
    "ndcg@20": 0.5710428620277532,
    "hit_rate@20": 1.0,
    "metadata_consistency": 0.5168153988763315
  }
}