{
  "retriever_name": "TF-IDF_(naive)",
  "query_metrics": {
    "q1": {
      "mrr": 1.0,
      "precision@1": 1.0,
      "recall@1": 0.05,
      "ndcg@1": 1.0,
      "hit_rate@1": 1.0,
      "precision@3": 1.0,
      "recall@3": 0.15,
      "ndcg@3": 1.0,
      "hit_rate@3": 1.0,
      "precision@5": 1.0,
      "recall@5": 0.25,
      "ndcg@5": 1.0,
      "hit_rate@5": 1.0,
      "precision@10": 1.0,
      "recall@10": 0.5,
      "ndcg@10": 1.0,
      "hit_rate@10": 1.0,
      "precision@20": 1.0,
      "recall@20": 1.0,
      "ndcg@20": 1.0,
      "hit_rate@20": 1.0,
      "metadata_consistency": 0.6410037503534697
    },
    "q2": {
      "mrr": 0.058823529411764705,
      "precision@1": 0.0,
      "recall@1": 0.05,
      "ndcg@1": 0.11651122570037842,
      "hit_rate@1": 0.0,
      "precision@3": 0.0,
      "recall@3": 0.15,
      "ndcg@3": 0.07252748303481009,
      "hit_rate@3": 0.0,
      "precision@5": 0.2,
      "recall@5": 0.25,
      "ndcg@5": 0.27766038255729364,
      "hit_rate@5": 0.0,
      "precision@10": 0.5,
      "recall@10": 0.5,
      "ndcg@10": 0.3974736977436799,
      "hit_rate@10": 0.0,
      "precision@20": 1.0,
      "recall@20": 1.0,
      "ndcg@20": 0.5924922765199392,
      "hit_rate@20": 1.0,
      "metadata_consistency": 0.6410037503534697
    },
    "q3": {
      "mrr": 0.0625,
      "precision@1": 0.0,
      "recall@1": 0.05,
      "ndcg@1": 0.05937907472252846,
      "hit_rate@1": 0.0,
      "precision@3": 0.0,
      "recall@3": 0.15,
      "ndcg@3": 0.03395290076837424,
      "hit_rate@3": 0.0,
      "precision@5": 0.4,
      "recall@5": 0.25,
      "ndcg@5": 0.21433570445668373,
      "hit_rate@5": 0.0,
      "precision@10": 0.5,
      "recall@10": 0.5,
      "ndcg@10": 0.3268763537079561,
      "hit_rate@10": 0.0,
      "precision@20": 1.0,
      "recall@20": 1.0,
      "ndcg@20": 0.5463288711658444,
      "hit_rate@20": 1.0,
      "metadata_consistency": 0.7136030428840439
    },
    "q4": {
      "mrr": 1.0,
      "precision@1": 1.0,
      "recall@1": 0.05,
      "ndcg@1": 1.0,
      "hit_rate@1": 1.0,
      "precision@3": 1.0,
      "recall@3": 0.15,
      "ndcg@3": 1.0,
      "hit_rate@3": 1.0,
      "precision@5": 1.0,
      "recall@5": 0.25,
      "ndcg@5": 1.0,
      "hit_rate@5": 1.0,
      "precision@10": 1.0,
      "recall@10": 0.5,
      "ndcg@10": 1.0,
      "hit_rate@10": 1.0,
      "precision@20": 1.0,
      "recall@20": 1.0,
      "ndcg@20": 1.0,
      "hit_rate@20": 1.0,
      "metadata_consistency": 0.15323431356959927
    },
    "q5": {
      "mrr": 0.07692307692307693,
      "precision@1": 0.0,
      "recall@1": 0.05,
      "ndcg@1": 0.07424944639205933,
      "hit_rate@1": 0.0,
      "precision@3": 0.0,
      "recall@3": 0.15,
      "ndcg@3": 0.08492979000662015,
      "hit_rate@3": 0.0,
      "precision@5": 0.0,
      "recall@5": 0.25,
      "ndcg@5": 0.09861767273948832,
      "hit_rate@5": 0.0,
      "precision@10": 0.4,
      "recall@10": 0.5,
      "ndcg@10": 0.1920245098731061,
      "hit_rate@10": 0.0,
      "precision@20": 1.0,
      "recall@20": 1.0,
      "ndcg@20": 0.4759843586613785,
      "hit_rate@20": 1.0,
      "metadata_consistency": 0.7136030428840439
    }
  },
  "aggregated_metrics": {
    "mrr": 0.4396493212669683,
    "precision@1": 0.4,
    "recall@1": 0.05,
    "ndcg@1": 0.45002794936299323,
    "hit_rate@1": 0.4,
    "precision@3": 0.4,
    "recall@3": 0.15,
    "ndcg@3": 0.4382820347619608,
    "hit_rate@3": 0.4,
    "precision@5": 0.52,
    "recall@5": 0.25,
    "ndcg@5": 0.5181227519506932,
    "hit_rate@5": 0.4,
    "precision@10": 0.6799999999999999,
    "recall@10": 0.5,
    "ndcg@10": 0.5832749122649484,
    "hit_rate@10": 0.4,
    "precision@20": 1.0,
    "recall@20": 1.0,
    "ndcg@20": 0.7229611012694324,
    "hit_rate@20": 1.0,
    "metadata_consistency": 0.5724895800089252
  }
}