{
  "total_chunks": 456,
  "avg_chunk_size_words": 213.4232456140351,
  "std_chunk_size_words": 77.83590636262002,
  "min_chunk_size_words": 62,
  "max_chunk_size_words": 503,
  "avg_chunk_size_sentences": 11.230263157894736,
  "std_chunk_size_sentences": 5.287527190511368,
  "avg_chunk_size_chars": 1467.002192982456,
  "avg_jaccard_overlap": 0.2350738373165877,
  "max_jaccard_overlap": 0.6695652173913044,
  "total_duplicate_sentences": 998,
  "sentence_coverage": 0.8051161882444835,
  "avg_internal_coherence": 0.12240578075565071,
  "avg_external_coherence": 0.16653400316788874,
  "coherence_score": 0.03913877917170634,
  "avg_inter_chunk_similarity": 0.5459442006777063,
  "avg_intra_chunk_similarity": 0.2976677641771466,
  "min_inter_chunk_similarity": 0.09643491357564926,
  "max_inter_chunk_similarity": 1.0,
  "min_intra_chunk_similarity": 0.023466184735298157,
  "max_intra_chunk_similarity": 0.6901444792747498,
  "document_name": "glacier-dg.txt",
  "chunking_method": "RecursiveChunker"
}