{
  "total_chunks": 476,
  "avg_chunk_size_words": 231.23739495798318,
  "std_chunk_size_words": 124.41604923601888,
  "min_chunk_size_words": 21,
  "max_chunk_size_words": 831,
  "avg_chunk_size_sentences": 10.216386554621849,
  "std_chunk_size_sentences": 2.602807221137873,
  "avg_chunk_size_chars": 1699.7163865546217,
  "avg_jaccard_overlap": 0.21653297075481323,
  "max_jaccard_overlap": 0.7568238213399504,
  "total_duplicate_sentences": 1023,
  "sentence_coverage": 0.7896360271437385,
  "avg_internal_coherence": 0.12648909241291006,
  "avg_external_coherence": 0.1704256313951134,
  "coherence_score": 0.04127627671535336,
  "avg_inter_chunk_similarity": 0.2842421381653742,
  "avg_intra_chunk_similarity": 0.30122162020140403,
  "min_inter_chunk_similarity": -0.2159501314163208,
  "max_inter_chunk_similarity": 0.9999999403953552,
  "min_intra_chunk_similarity": 0.09198108563820521,
  "max_intra_chunk_similarity": 0.7004686382081774,
  "document_name": "glacier-dg.txt",
  "chunking_method": "SemanticChunker"
}