{
  "total_chunks": 1961,
  "avg_chunk_size_words": 229.67822539520654,
  "std_chunk_size_words": 127.23639188054008,
  "min_chunk_size_words": 17,
  "max_chunk_size_words": 2093,
  "avg_chunk_size_sentences": 10.103008669046405,
  "std_chunk_size_sentences": 2.4707562682093474,
  "avg_chunk_size_chars": 1725.1259561448242,
  "avg_jaccard_overlap": 0.22847122229916725,
  "max_jaccard_overlap": 0.9366197183098591,
  "total_duplicate_sentences": 5700,
  "sentence_coverage": 0.7122955784373107,
  "avg_internal_coherence": 0.12317758313403898,
  "avg_external_coherence": 0.12411405693271405,
  "coherence_score": 0.06112055466768196,
  "avg_inter_chunk_similarity": 0.2708483922636026,
  "avg_intra_chunk_similarity": 0.28315421376262606,
  "min_inter_chunk_similarity": -0.22146837413311005,
  "max_inter_chunk_similarity": 1.0000001192092896,
  "min_intra_chunk_similarity": 0.04159903774658839,
  "max_intra_chunk_similarity": 0.6628995662385767,
  "document_name": "s3-api.txt",
  "chunking_method": "SemanticChunker"
}