{
  "total_chunks": 1593,
  "avg_chunk_size_words": 237.4406779661017,
  "std_chunk_size_words": 66.60689714331966,
  "min_chunk_size_words": 41,
  "max_chunk_size_words": 451,
  "avg_chunk_size_sentences": 12.311362209667294,
  "std_chunk_size_sentences": 4.850790885872003,
  "avg_chunk_size_chars": 1716.1845574387946,
  "avg_jaccard_overlap": 0.24945172587835376,
  "max_jaccard_overlap": 0.9076923076923077,
  "total_duplicate_sentences": 5470,
  "sentence_coverage": 0.7210891291046299,
  "avg_internal_coherence": 0.11454900802321036,
  "avg_external_coherence": 0.1318921465386965,
  "coherence_score": 0.04860293475386211,
  "avg_inter_chunk_similarity": 0.49504849239383364,
  "avg_intra_chunk_similarity": 0.2808123651582099,
  "min_inter_chunk_similarity": 0.009305308572947979,
  "max_inter_chunk_similarity": 1.0000001192092896,
  "min_intra_chunk_similarity": 0.09465617438157399,
  "max_intra_chunk_similarity": 0.6526604930559794,
  "document_name": "s3-api.txt",
  "chunking_method": "RecursiveChunker"
}