{
  "total_chunks": 75,
  "avg_chunk_size_words": 692.7733333333333,
  "std_chunk_size_words": 835.7362514307702,
  "min_chunk_size_words": 10,
  "max_chunk_size_words": 4525,
  "avg_chunk_size_sentences": 33.24,
  "std_chunk_size_sentences": 34.6317157145489,
  "avg_chunk_size_chars": 4946.093333333333,
  "avg_jaccard_overlap": 0.2271820972309606,
  "max_jaccard_overlap": 0.6463414634146342,
  "total_duplicate_sentences": 588,
  "sentence_coverage": 0.7641395908543923,
  "avg_internal_coherence": 0.08302118556186727,
  "avg_external_coherence": 0.32483460692122634,
  "coherence_score": 0.0,
  "avg_inter_chunk_similarity": 0.33211527735101865,
  "avg_intra_chunk_similarity": 0.26875076841211615,
  "min_inter_chunk_similarity": -0.19822978973388672,
  "max_inter_chunk_similarity": 1.0000001192092896,
  "min_intra_chunk_similarity": 0.1613716904539615,
  "max_intra_chunk_similarity": 0.373315258945028,
  "document_name": "s3-outposts.txt",
  "chunking_method": "SemanticChunker"
}