{
  "total_chunks": 194,
  "avg_chunk_size_words": 254.38144329896906,
  "std_chunk_size_words": 77.40227537332758,
  "min_chunk_size_words": 91,
  "max_chunk_size_words": 451,
  "avg_chunk_size_sentences": 13.690721649484535,
  "std_chunk_size_sentences": 6.513049271994509,
  "avg_chunk_size_chars": 1767.458762886598,
  "avg_jaccard_overlap": 0.2628770367861362,
  "max_jaccard_overlap": 0.6733333333333333,
  "total_duplicate_sentences": 594,
  "sentence_coverage": 0.776355421686747,
  "avg_internal_coherence": 0.13124997319582737,
  "avg_external_coherence": 0.22143066223768398,
  "coherence_score": 0.020534642076985382,
  "avg_inter_chunk_similarity": 0.5780714314828335,
  "avg_intra_chunk_similarity": 0.3305050266050765,
  "min_inter_chunk_similarity": 0.19177252054214478,
  "max_inter_chunk_similarity": 0.9980508089065552,
  "min_intra_chunk_similarity": 0.14491688072060546,
  "max_intra_chunk_similarity": 0.5526077624942575,
  "document_name": "s3-outposts.txt",
  "chunking_method": "RecursiveChunker"
}