{
  "total_chunks": 197,
  "avg_chunk_size_words": 252.32994923857868,
  "std_chunk_size_words": 79.29868849132453,
  "min_chunk_size_words": 22,
  "max_chunk_size_words": 451,
  "avg_chunk_size_sentences": 13.49238578680203,
  "std_chunk_size_sentences": 6.651299853374032,
  "avg_chunk_size_chars": 1776.5634517766498,
  "avg_jaccard_overlap": 0.26133072281540426,
  "max_jaccard_overlap": 0.6733333333333333,
  "total_duplicate_sentences": 594,
  "sentence_coverage": 0.7765237020316027,
  "avg_internal_coherence": 0.1389941508789504,
  "avg_external_coherence": 0.2193436886759541,
  "coherence_score": 0.029322306540973342,
  "avg_inter_chunk_similarity": 0.5747538569781689,
  "avg_intra_chunk_similarity": 0.33602995537145197,
  "min_inter_chunk_similarity": 0.19177252054214478,
  "max_inter_chunk_similarity": 0.9980508089065552,
  "min_intra_chunk_similarity": 0.12266037613153458,
  "max_intra_chunk_similarity": 1.0,
  "document_name": "s3-outposts.txt",
  "chunking_method": "NaiveChunker"
}