{
  "total_chunks": 254,
  "avg_chunk_size_words": 204.89370078740157,
  "std_chunk_size_words": 112.83267749161242,
  "min_chunk_size_words": 10,
  "max_chunk_size_words": 937,
  "avg_chunk_size_sentences": 9.881889763779528,
  "std_chunk_size_sentences": 2.688892794495333,
  "avg_chunk_size_chars": 1462.783464566929,
  "avg_jaccard_overlap": 0.21426277193194318,
  "max_jaccard_overlap": 0.696551724137931,
  "total_duplicate_sentences": 596,
  "sentence_coverage": 0.7625498007968128,
  "avg_internal_coherence": 0.11449440927185048,
  "avg_external_coherence": 0.20021226103205053,
  "coherence_score": 0.014388278755825212,
  "avg_inter_chunk_similarity": 0.3340372839906348,
  "avg_intra_chunk_similarity": 0.3305126990930659,
  "min_inter_chunk_similarity": -0.23599907755851746,
  "max_inter_chunk_similarity": 1.0,
  "min_intra_chunk_similarity": 0.0022543991605440774,
  "max_intra_chunk_similarity": 0.6070682384751059,
  "document_name": "s3-outposts.txt",
  "chunking_method": "SemanticChunker"
}