{
  "total_chunks": 3015,
  "avg_chunk_size_words": 197.00696517412936,
  "std_chunk_size_words": 134.95570534764747,
  "min_chunk_size_words": 4,
  "max_chunk_size_words": 3893,
  "avg_chunk_size_sentences": 9.692868988391377,
  "std_chunk_size_sentences": 2.6324670584229026,
  "avg_chunk_size_chars": 1361.689552238806,
  "avg_jaccard_overlap": 0.20751949790115515,
  "max_jaccard_overlap": 0.8128654970760234,
  "total_duplicate_sentences": 5789,
  "sentence_coverage": 0.8019093895428415,
  "avg_internal_coherence": 0.10728187608751263,
  "avg_external_coherence": 0.1120827953369458,
  "coherence_score": 0.05124047841903973,
  "avg_inter_chunk_similarity": 0.2449736084575401,
  "avg_intra_chunk_similarity": 0.3212748342084255,
  "min_inter_chunk_similarity": -0.3013577163219452,
  "max_inter_chunk_similarity": 1.0000001192092896,
  "min_intra_chunk_similarity": 0.023513355137159426,
  "max_intra_chunk_similarity": 0.6945604973369175,
  "document_name": "s3-userguide.txt",
  "chunking_method": "SemanticChunker"
}