{
  "total_chunks": 2166,
  "avg_chunk_size_words": 255.18698060941827,
  "std_chunk_size_words": 83.37951612123815,
  "min_chunk_size_words": 22,
  "max_chunk_size_words": 506,
  "avg_chunk_size_sentences": 14.164819944598339,
  "std_chunk_size_sentences": 6.899360953712413,
  "avg_chunk_size_chars": 1722.061865189289,
  "avg_jaccard_overlap": 0.25985681394787624,
  "max_jaccard_overlap": 0.9591836734693877,
  "total_duplicate_sentences": 5903,
  "sentence_coverage": 0.8076007952804667,
  "avg_internal_coherence": 0.12380866673583939,
  "avg_external_coherence": 0.12440759140293502,
  "coherence_score": 0.06160487103437188,
  "avg_inter_chunk_similarity": 0.46733683307418317,
  "avg_intra_chunk_similarity": 0.31994515613539715,
  "min_inter_chunk_similarity": -0.046375125646591187,
  "max_inter_chunk_similarity": 1.0000001192092896,
  "min_intra_chunk_similarity": 0.03479276100794474,
  "max_intra_chunk_similarity": 1.0,
  "document_name": "s3-userguide.txt",
  "chunking_method": "NaiveChunker"
}