{
  "total_chunks": 1856,
  "avg_chunk_size_words": 304.6126077586207,
  "std_chunk_size_words": 78.93312883772813,
  "min_chunk_size_words": 88,
  "max_chunk_size_words": 603,
  "avg_chunk_size_sentences": 16.521551724137932,
  "std_chunk_size_sentences": 7.271117355135468,
  "avg_chunk_size_chars": 2058.2435344827586,
  "avg_jaccard_overlap": 0.256577073567979,
  "max_jaccard_overlap": 0.8648648648648649,
  "total_duplicate_sentences": 5893,
  "sentence_coverage": 0.8078202452387164,
  "avg_internal_coherence": 0.11950664029502217,
  "avg_external_coherence": 0.1362921067380413,
  "coherence_score": 0.051360586926001525,
  "avg_inter_chunk_similarity": 0.46997513560876264,
  "avg_intra_chunk_similarity": 0.31650992941051936,
  "min_inter_chunk_similarity": -0.046375125646591187,
  "max_inter_chunk_similarity": 1.0000001192092896,
  "min_intra_chunk_similarity": 0.0020378331343332925,
  "max_intra_chunk_similarity": 0.7503204623858134,
  "document_name": "s3-userguide.txt",
  "chunking_method": "RecursiveChunker"
}