Retriever,recursive,semantic,naive
Content_,0.5276049709819374,0.44910360673748534,0.6214887006965564
Prefix-Fusion_,0.5423100422982767,0.4076588562209705,0.6213938017681668
TF-IDF_,0.5168153988763315,0.45901913842415193,0.5724895800089252
