Retriever,recursive,semantic,naive
Content_,0.08085714285714286,0.45928571428571435,0.06426470588235293
Prefix-Fusion_,0.825,0.8125,0.08416666666666667
TF-IDF_,0.11343035619351408,0.825,0.4396493212669683
