Retriever,recursive,semantic,naive
Content_,0.09677156796793983,0.4805844074064636,0.14645641016395322
Prefix-Fusion_,0.8063881022407335,0.8521029605780068,0.14179219544944383
TF-IDF_,0.228442897903401,0.8031994272759224,0.4382820347619608
