Retriever,recursive,semantic,naive
Content_,0.43112238200142716,0.6788717546427331,0.45556786798084714
Prefix-Fusion_,0.8946326506495275,0.8894813273531813,0.5066884220849912
TF-IDF_,0.5710428620277532,0.871070752418136,0.7229611012694324
