Retriever,recursive,semantic,naive
Content_,0.16007743062884597,0.521907706634759,0.20168261187991915
Prefix-Fusion_,0.8353048191091093,0.8517567456090294,0.1773457591954834
TF-IDF_,0.294984520010705,0.8032792360369687,0.5181227519506932
