Retriever,recursive,semantic,naive
Content_,0.24814359202577915,0.5904043884993373,0.3163153717897463
Prefix-Fusion_,0.8852783602820864,0.8527200170633394,0.3187718684805496
TF-IDF_,0.4010156464531091,0.8697358335834554,0.5832749122649484
