Retriever,recursive,semantic,naive
Content_,0.05230246498249471,0.4707633763551712,0.10156936522107571
Prefix-Fusion_,0.8056796941906214,0.8000723287288565,0.07262588944431628
TF-IDF_,0.1481502205133438,0.8019068269059062,0.45002794936299323
