Retriever,recursive,semantic,naive
Content_,0.16,0.5199999999999999,0.16
Prefix-Fusion_,0.8800000000000001,0.8400000000000001,0.2
TF-IDF_,0.28,0.8400000000000001,0.52
