Retriever,recursive,semantic,naive
Content_,0.06666666666666667,0.4666666666666666,0.06666666666666667
Prefix-Fusion_,0.8,0.8666666666666666,0.06666666666666667
TF-IDF_,0.2,0.8,0.4
