Retriever,recursive,semantic,naive
Content_,0.44000000000000006,0.6399999999999999,0.42000000000000004
Prefix-Fusion_,0.9,0.8800000000000001,0.5
TF-IDF_,0.56,0.9199999999999999,0.6799999999999999
